Job Name,Company Name,Location,Job Type
Python Developer - Onsite in Houston,Jobot,"Houston, Texas, USA",Full-time
Python Developer III,Randstad Digital,"Berkeley Heights, New Jersey, USA",Contract
Backend Python Developer 5-8 Years of Experience,Randstad Digital,"Jersey City, New Jersey, USA",Contract
Python Developer,"CGI Group, Inc.","Merrimack, New Hampshire, USA",Full-time
"Java Python Developer with AI exp(TORONTO, Canada) Hybrid","TESTINGXPERTS, INC. DBA DAMCOSOFT","Toronto, Ontario, Canada","Full-time, Part-time, Third Party, Contract"
Automation - Embedded Python developer,MSys Technologies - USA,"Culver City, California, USA","Third Party, Contract"
Python Developer,BCforward,"Jersey City, New Jersey, USA",Contract
Python Developer,TekReliance,"Austin, Texas, USA",Contract
Python Developer,Itech Enterprises,"Mississauga, Ontario, Canada",Full-time
Python Developer,Eliassen Group,"McLean, Virginia, USA",Contract
"AWS/Python Developer (Hybrid-Radnor, PA.)",Lincoln Financial Group,"Radnor, Pennsylvania, USA",Full-time
Snowflake Python Developer,Devbytes inc,"Wilmington, Delaware, USA",Contract
Python Developer,Randstad Digital,"Charlotte, North Carolina, USA",Full-time
Python Developer/Electronics Test Engineer,"Solution Sources Programming, Inc.","San Jose, California, USA",Full-time
Python developer,INNOVIT USA INC,"Philadelphia, Pennsylvania, USA",Contract
Sr. Python Developer with Excel Expertise,AK IT Services Inc,"Washington, District of Columbia, USA",Contract
Python Developer/Automation Engineer,Leidos,"Ashburn, Virginia, USA",Full-time
Python Developer,BCforward,"Chicago, Illinois, USA",Contract
Mid-Level Python Developer- Hybrid Atlanta,"Motion Recruitment Partners, LLC","Atlanta, Georgia, USA",Full-time
Python developer with Bigdata (W2 Only),Satya Soft Solutions,"Phoenix, Arizona, USA",Contract
Python Developer,BCforward,"Jersey City, New Jersey, USA",Contract
AWS Python Developer,"CGI Group, Inc.","Reston, Virginia, USA",Full-time
Cloud Agnostic Python Developer,Dizer Corp,Remote,"Third Party, Contract"
Sr Python Developer,"Judge Group, Inc.","Virginia, USA",Full-time
Python Developer,Loginsoft Consulting LLC,"McLean, Virginia, USA",Contract
Senior Python Developer,iPeople Infosystems LLC,"Boston, Massachusetts, USA",Full-time
Python/Angular Developer,Randstad Digital,"New York, New York, USA",Contract
"Snowflake SQL & Python Developer--Orlando, FL(Onsite)(Locals Preferred)",HUMAC INC.,"Orlando, Florida, USA",Contract
Python Developer - W2 Only,Swift Strategic Solutions Inc,"Charlotte, North Carolina, USA",Contract
Python Developer,Innovative IT Solutions Inc,"Jersey City, New Jersey, USA",Contract
Python Developer,MTK Technologies LLC,"Charlotte, North Carolina, USA",Full-time
"Lead Python Developer (FI, Risk, Equity, Trading) - 12+ Yrs Mandatory","Primesoft, Inc","Los Angeles, California, USA","Third Party, Contract"
Lead Python Developer (Must have 12+ Years) (Fixed Income or Trading exp must),"Primesoft, Inc","Irvine, California, USA","Contract, Third Party"
Python Developer,Zillion Technologies,"McLean, Virginia, USA",Contract
Python Developer,Helix Tech,"Richmond, Virginia, USA",Full-time
Python Developer,Genesis10,"Eighty Four, Pennsylvania, USA",Full-time
Python Developer,"Integrated Technology Strategies, Inc.","Plano, Texas, USA","Contract, Third Party"
Python Developer with AWS Experience@ W2,Globex IT Solutions INC,"Charlotte, North Carolina, USA",Contract
Python Developer,"AQUA Information Systems, Inc.","Charlotte, North Carolina, USA",Contract
Commodities Python Developer,Matlen Silver,"New York, New York, USA",Full-time
Python Developer,"AQUA Information Systems, Inc.","Irving, Texas, USA","Contract, Third Party"
Python Developer,Matlen Silver,"Jersey City, New Jersey, USA",Full-time
Python Developer,Princeton IT Services,"Plano, Texas, USA","Contract, Third Party"
Trading Python Developer,Matlen Silver,"Jersey City, New Jersey, USA",Full-time
Equities Python Developer,Matlen Silver,"Jersey City, New Jersey, USA",Full-time
Sr. Python Developer,Pozent,"South Plainfield, New Jersey, USA",Contract
Python Developer,EKIN Solutions Inc,Remote,Contract
Python Developer,"Innova Solutions, Inc","New York, New York, USA",Contract
Python Developer,"eTek IT Services, Inc.","Dallas, Texas, USA",Contract
Python Developer POS Developer,Impact Consulting Solutions,"Pittsburgh, Pennsylvania, USA",Full-time
Python Developer,Futrend Technology,"Bethesda, Maryland, USA",Contract
Python Developer,DRC Systems USA LLC,"Nashville, Tennessee, USA",Contract
Python Developer (Fixed Income) 13+ Years,"Primesoft, Inc","Irvine, California, USA","Contract, Third Party"
Python Developer,BCforward,"Jersey City, New Jersey, USA",Contract
Python Developer (Onsite),NTT DATA,"Dallas, Texas, USA",Full-time
Equities Python Developer - NYC,Matlen Silver,"New York, New York, USA",Full-time
Python Developer,Hansen Talent Group,"Columbia, South Carolina, USA",Contract
Python Developer,I Think Services,"Charlotte, North Carolina, USA",Full-time
Senior Python Developer (Hybrid),Two95 International,"Philadelphia, Pennsylvania, USA",Full-time
Python Developer,ClientServer Technology Solutions LLC,"New York, New York, USA",Contract
python Developer,Itech Enterprises,"New York, New York, USA",Full-time
C++ python developer,Talent Group,"Redmond, Washington, USA",Full-time
Python Developer,Nityo Infotech Corporation,"Jersey City, New Jersey, USA",Full-time
Senor Python Developer,iTechStack,"Culver City, California, USA","Contract, Third Party"
FullStack Python Developer,"Futurism Technologies USA, Inc","Eden Prairie, Minnesota, USA",Full-time
Python Developer,Apex Systems,"Jersey City, New Jersey, USA",Full-time
Python Developer,Synechron,"Plano, Texas, USA",Full-time
Python Developer,Kforce Technology Staffing,"Newark, New Jersey, USA",Full-time
"Java/Python Developer, TS/SCI with a Full Scope Polygraph Security Clearance is Required - G",Next Step Systems,"Annapolis Junction, Maryland, USA",Full-time
Python Developer - RTP Raleigh NC (Onsite) - Need Local,ApTask,"Raleigh, North Carolina, USA",Full-time
Advanced Python Developer,iTechStack,"Culver City, California, USA","Third Party, Contract"
Lead Python Developer,"GlobalLogic, Inc.","Dallas, Texas, USA",Contract
Python Developer,DRC Systems USA LLC,"Charlotte, North Carolina, USA",Contract
Python Developer,Nityo Infotech Corporation,"Jersey City, New Jersey, USA",Full-time
Equities Python Developer - NYC,Matlen Silver,"New York, New York, USA",Full-time
Python Developer,ITBMS Inc.,"Phoenix, Arizona, USA","Contract, Third Party"
Python Developer,"Quality IT Source, LLC","Toronto, Ontario, Canada",Contract
Python Developer,TEKsystems,"Charlotte, North Carolina, USA",Full-time
Python Developer,"Judge Group, Inc.","Lionville, Pennsylvania, USA",Full-time
Python Developer,Matlen Silver,"Plano, Texas, USA",Full-time
Python Developer,TEKsystems,"Phoenix, Arizona, USA",Full-time
Python Developer,Primesoft Consulting Services Inc,"New York, New York, USA",Contract
FICC Python Developer,Matlen Silver,"Chicago, Illinois, USA",Full-time
Python Developer,TEKsystems,"New York, New York, USA",Full-time
Senior PYTHON Developer,Marlabs LLC,"McLean, Virginia, USA",Contract
Python Developer,TEKsystems,"Princeton, New Jersey, USA",Full-time
Python Developer,Infinite Infotech,"Wilmington, Delaware, USA",Contract
.Net with Python Developer,SANS,"Weehawken, New Jersey, USA",Contract
Global Markets Python Developer,Matlen Silver,"Chicago, Illinois, USA",Full-time
Python Developer Hybrid,"Motion Recruitment Partners, LLC","Atlanta, Georgia, USA",Full-time
Sr Python Developer,Synechron,"Charlotte, North Carolina, USA",Full-time
Python Developer,Matlen Silver,"Charlotte, North Carolina, USA",Full-time
Python Developer,TEKsystems,"Chicago, Illinois, USA",Full-time
Python Developer,RIIM,"Jersey City, New Jersey, USA",Full-time
Python Developer,Addon Technologies Inc.,"Plano, Texas, USA",Contract
Python Developer (Hybrid Onsite W2 only),Xoriant Corporation,"Tampa, Florida, USA",Contract
Python Developer,"Tanisha Systems, Inc.","Dallas, Texas, USA",Full-time
Python Developer,"Ace Technologies, Inc.","Irvine, California, USA","Contract, Third Party"
"Python developer (Location - Toronto, ON - Canada)",O3 Technology Solutions,"Toronto, Ontario, Canada","Contract, Third Party"
Python Developer with AI/ML,Volto Consulting,"Phoenix, Arizona, USA",Contract
